[
  {
    "model": "app.user",
    "pk": 3,
    "fields": {
      "password": "pbkdf2_sha256$1200000$yegxasR41SmgM2peZH7fdV$u5biW8OKzQZUc4OS6t9jx+hQdjYEgwT+dqBLXaKq4RE=",
      "last_login": "2026-04-11T22:19:14.830Z",
      "is_superuser": false,
      "username": "kurator",
      "first_name": "Куратор",
      "last_name": "Тестовый",
      "email": "",
      "is_staff": false,
      "is_active": true,
      "date_joined": "2026-04-09T12:38:31.895Z",
      "role": "curator",
      "created_at": "2026-04-09T12:38:33.044Z",
      "updated_at": "2026-04-09T12:38:33.044Z",
      "groups": [],
      "user_permissions": []
    }
  },
  {
    "model": "app.materialcategory",
    "pk": 1,
    "fields": {
      "name": "Основы",
      "slug": "category",
      "description": "Введение в ИБ\r\nОсновные термины и принципы (CIA triad: конфиденциальность, целостность, доступность)\r\nМодели угроз и рисков\r\nПолитики безопасности",
      "created_at": "2026-04-09T12:51:58.484Z",
      "updated_at": "2026-04-09T12:51:58.484Z"
    }
  },
  {
    "model": "app.materialcategory",
    "pk": 2,
    "fields": {
      "name": "Сетевая безопасность",
      "slug": "category-2",
      "description": "Протоколы (TCP/IP, HTTPS, VPN)\r\nМежсетевые экраны (firewalls)\r\nIDS/IPS системы\r\nЗащита сетевой инфраструктуры",
      "created_at": "2026-04-09T12:52:15.621Z",
      "updated_at": "2026-04-09T12:52:15.621Z"
    }
  },
  {
    "model": "app.materialcategory",
    "pk": 3,
    "fields": {
      "name": "Криптография",
      "slug": "category-3",
      "description": "Симметричное и асимметричное шифрование\r\nХэш-функции\r\nЦифровые подписи\r\nPKI (инфраструктура открытых ключей)",
      "created_at": "2026-04-09T12:52:31.440Z",
      "updated_at": "2026-04-09T12:57:27.934Z"
    }
  },
  {
    "model": "app.materialcategory",
    "pk": 4,
    "fields": {
      "name": "Безопасность приложений",
      "slug": "category-4",
      "description": "OWASP Top 10\r\nУязвимости (SQL-инъекции, XSS и др.)\r\nSecure coding practices\r\nТестирование безопасности ПО",
      "created_at": "2026-04-09T12:57:47.939Z",
      "updated_at": "2026-04-09T12:57:47.939Z"
    }
  },
  {
    "model": "app.materialcategory",
    "pk": 5,
    "fields": {
      "name": "Операционная безопасность",
      "slug": "category-5",
      "description": "Управление доступом (IAM)\r\nКонтроль пользователей\r\nЛогирование и мониторинг\r\nИнцидент-менеджмент",
      "created_at": "2026-04-09T12:57:57.099Z",
      "updated_at": "2026-04-09T12:57:57.099Z"
    }
  },
  {
    "model": "app.materialcategory",
    "pk": 6,
    "fields": {
      "name": "Безопасность операционных систем",
      "slug": "category-6",
      "description": "Windows / Linux hardening\r\nКонтроль процессов\r\nУправление правами\r\nОбновления и патчи",
      "created_at": "2026-04-09T12:58:12.942Z",
      "updated_at": "2026-04-09T12:58:12.942Z"
    }
  },
  {
    "model": "app.materialcategory",
    "pk": 8,
    "fields": {
      "name": "Основы ИБ",
      "slug": "osnovy-ib",
      "description": "Базовые понятия и практики для сотрудников.",
      "created_at": "2026-04-12T21:44:29.820Z",
      "updated_at": "2026-04-12T21:44:29.820Z"
    }
  },
  {
    "model": "app.materialcategory",
    "pk": 9,
    "fields": {
      "name": "Персональные данные",
      "slug": "personalnye-dannye",
      "description": "Работа с ПДн и конфиденциальной информацией.",
      "created_at": "2026-04-12T21:44:29.848Z",
      "updated_at": "2026-04-12T21:44:29.848Z"
    }
  },
  {
    "model": "app.materialcategory",
    "pk": 10,
    "fields": {
      "name": "Сети и периметр",
      "slug": "seti-i-perimetr",
      "description": "Сетевые угрозы и защита каналов связи.",
      "created_at": "2026-04-12T21:44:29.850Z",
      "updated_at": "2026-04-12T21:44:29.850Z"
    }
  },
  {
    "model": "app.materialcategory",
    "pk": 11,
    "fields": {
      "name": "Контроль доступа",
      "slug": "kontrol-dostupa",
      "description": "Учётные записи, роли и привилегии.",
      "created_at": "2026-04-12T21:44:29.852Z",
      "updated_at": "2026-04-12T21:44:29.852Z"
    }
  },
  {
    "model": "app.materialcategory",
    "pk": 12,
    "fields": {
      "name": "Учётные записи и пароли",
      "slug": "uchetnye-zapisi",
      "description": "Пароли, MFA и безопасный вход.",
      "created_at": "2026-04-12T21:44:29.861Z",
      "updated_at": "2026-04-12T21:44:29.861Z"
    }
  },
  {
    "model": "app.materialcategory",
    "pk": 13,
    "fields": {
      "name": "Фишинг и почта",
      "slug": "fishing-i-pochta",
      "description": "Электронная почта и социальная инженерия.",
      "created_at": "2026-04-12T21:44:29.864Z",
      "updated_at": "2026-04-12T21:44:29.864Z"
    }
  },
  {
    "model": "app.materialcategory",
    "pk": 14,
    "fields": {
      "name": "Физическая ИБ",
      "slug": "fizicheskaya-ib",
      "description": "Чистый стол, носители, помещения.",
      "created_at": "2026-04-12T21:44:29.866Z",
      "updated_at": "2026-04-12T21:44:29.866Z"
    }
  },
  {
    "model": "app.materialcategory",
    "pk": 15,
    "fields": {
      "name": "Резерв и носители",
      "slug": "rezerv-i-nositeli",
      "description": "Копирование и уничтожение данных.",
      "created_at": "2026-04-12T21:44:29.868Z",
      "updated_at": "2026-04-12T21:44:29.868Z"
    }
  },
  {
    "model": "app.learningmaterial",
    "pk": 2,
    "fields": {
      "title": "Введение в криптографию",
      "slug": "material",
      "summary": "Краткий учебный материал по криптографии, раскрывающий основные принципы защиты информации и методы шифрования",
      "content": "",
      "attachment": "materials/attachments/cryptography_training.pdf",
      "material_format": "article",
      "category": 3,
      "author": 3,
      "estimated_minutes": 10,
      "is_published": true,
      "published_at": "2026-04-11T17:01:26.047Z",
      "created_at": "2026-04-11T17:01:26.050Z",
      "updated_at": "2026-04-11T17:01:26.050Z"
    }
  },
  {
    "model": "app.learningmaterial",
    "pk": 3,
    "fields": {
      "title": "Пароли и многофакторная аутентификация",
      "slug": "material-paroli-i-mfa",
      "summary": "Развёрнутая инструкция: угрозы, практика паролей, MFA и действия при инцидентах.",
      "content": "",
      "attachment": "",
      "material_format": "guide",
      "category": 12,
      "author": 3,
      "estimated_minutes": 42,
      "is_published": true,
      "published_at": "2026-04-12T21:44:29.765Z",
      "created_at": "2026-04-12T21:44:29.902Z",
      "updated_at": "2026-04-12T21:44:29.902Z"
    }
  },
  {
    "model": "app.learningmaterial",
    "pk": 4,
    "fields": {
      "title": "Чек-лист: перед отправкой письма с вложением",
      "slug": "material-checklist-pisem",
      "summary": "Полный перечень проверок: получатели, домен, вложения, пересылка и тема письма.",
      "content": "",
      "attachment": "",
      "material_format": "checklist",
      "category": 13,
      "author": 3,
      "estimated_minutes": 35,
      "is_published": true,
      "published_at": "2026-04-12T21:44:29.765Z",
      "created_at": "2026-04-12T21:44:29.968Z",
      "updated_at": "2026-04-12T21:44:29.968Z"
    }
  },
  {
    "model": "app.learningmaterial",
    "pk": 5,
    "fields": {
      "title": "Фишинг: как распознать поддельное письмо",
      "slug": "material-fishing",
      "summary": "Статья: виды фишинга, признаки, социальная инженерия и алгоритм действий при инциденте.",
      "content": "",
      "attachment": "",
      "material_format": "article",
      "category": 13,
      "author": 3,
      "estimated_minutes": 38,
      "is_published": true,
      "published_at": "2026-04-12T21:44:29.765Z",
      "created_at": "2026-04-12T21:44:29.976Z",
      "updated_at": "2026-04-12T21:44:29.976Z"
    }
  },
  {
    "model": "app.learningmaterial",
    "pk": 6,
    "fields": {
      "title": "Публичные Wi‑Fi: безопасное подключение",
      "slug": "material-public-wifi",
      "summary": "Модель угроз, VPN, практика работы вне офиса и ограничения публичных сетей.",
      "content": "",
      "attachment": "",
      "material_format": "video",
      "category": 10,
      "author": 3,
      "estimated_minutes": 36,
      "is_published": true,
      "published_at": "2026-04-12T21:44:29.765Z",
      "created_at": "2026-04-12T21:44:29.979Z",
      "updated_at": "2026-04-12T21:44:29.979Z"
    }
  },
  {
    "model": "app.learningmaterial",
    "pk": 7,
    "fields": {
      "title": "Политика чистого стола и носителей",
      "slug": "material-chistyy-stol",
      "summary": "Документ о бумажных и электронных носителях, экране, пропусках и гостях.",
      "content": "",
      "attachment": "",
      "material_format": "presentation",
      "category": 14,
      "author": 3,
      "estimated_minutes": 32,
      "is_published": true,
      "published_at": "2026-04-12T21:44:29.765Z",
      "created_at": "2026-04-12T21:44:29.983Z",
      "updated_at": "2026-04-12T21:44:29.983Z"
    }
  },
  {
    "model": "app.learningmaterial",
    "pk": 8,
    "fields": {
      "title": "Резервное копирование и уничтожение данных",
      "slug": "material-rezervnoe-kopirovanie",
      "summary": "Резервирование, правило 3-2-1, тесты восстановления и утилизация носителей.",
      "content": "",
      "attachment": "",
      "material_format": "guide",
      "category": 15,
      "author": 3,
      "estimated_minutes": 40,
      "is_published": true,
      "published_at": "2026-04-12T21:44:29.765Z",
      "created_at": "2026-04-12T21:44:29.986Z",
      "updated_at": "2026-04-12T21:44:29.986Z"
    }
  },
  {
    "model": "app.materialpage",
    "pk": 2,
    "fields": {
      "material": 2,
      "order": 0,
      "title": "Введение в криптографию",
      "body": "Криптография — это метод защиты информации путем её преобразования в недоступный для посторонних вид. Она используется для обеспечения безопасности данных при хранении и передаче.\r\n\r\nОсновные цели криптографии:\r\n\r\nКонфиденциальность — защита информации от посторонних\r\nЦелостность — предотвращение изменения данных\r\nАутентификация — подтверждение подлинности отправителя\r\nНеотказуемость — невозможность отрицания факта отправки\r\n\r\nОсновные виды шифрования:\r\n\r\nСимметричное шифрование — используется один ключ для шифрования и расшифровки (например, AES)\r\nАсимметричное шифрование — используются два ключа: открытый и закрытый (например, RSA)\r\n\r\nПримеры применения:\r\n\r\nЗащита паролей\r\nОнлайн-банкинг\r\nVPN и защищённые соединения (HTTPS)",
      "image": "materials/pages/cryptograph_p1.jpg",
      "quiz_question": "Что означает принцип конфиденциальности?",
      "quiz_choice_1": "Данные всегда доступны",
      "quiz_choice_2": "Данные защищены от несанкционированного доступа",
      "quiz_choice_3": "Данные можно изменять",
      "quiz_choice_4": "Данные удаляются автоматически",
      "quiz_correct": 2
    }
  },
  {
    "model": "app.materialpage",
    "pk": 3,
    "fields": {
      "material": 2,
      "order": 1,
      "title": "Практическое применение криптографии",
      "body": "В корпоративной среде криптография применяется ежедневно, даже если сотрудники этого не замечают.\r\n\r\nОсновные инструменты:\r\n\r\nSSL/TLS — защищает передачу данных в интернете\r\nХеширование — преобразует данные в уникальную строку фиксированной длины (например, SHA-256)\r\nЦифровая подпись — подтверждает подлинность документов\r\n\r\nРекомендации для сотрудников:\r\n\r\nИспользуйте сложные пароли и не передавайте их третьим лицам\r\nПроверяйте наличие защищённого соединения (значок замка в браузере)\r\nНе открывайте подозрительные файлы и ссылки\r\nИспользуйте двухфакторную аутентификацию (2FA)\r\n\r\nПочему это важно:\r\nДаже самый надёжный алгоритм не защитит систему, если сотрудники игнорируют базовые правила безопасности.",
      "image": "materials/pages/cryptograph_p2.jpg",
      "quiz_question": "Что делает хеширование?",
      "quiz_choice_1": "Шифрует данные с возможностью обратного восстановления",
      "quiz_choice_2": "Удаляет данные",
      "quiz_choice_3": "Преобразует данные в уникальную фиксированную строку",
      "quiz_choice_4": "Передаёт данные по сети",
      "quiz_correct": 3
    }
  },
  {
    "model": "app.materialpage",
    "pk": 160,
    "fields": {
      "material": 3,
      "order": 0,
      "title": "Введение и угрозы",
      "body": "1. Назначение документа и область применения\n\nНастоящий учебный материал предназначен для сотрудников организации и описывает базовые требования к паролям, учётным записям и многофакторной аутентификации (MFA). Документ не заменяет локальные политики безопасности и приказы работодателя, но задаёт единый минимум осознанности: как выбирать пароли, где их хранить, когда менять и как использовать второй фактор.\n\nПод «критичными системами» понимаются корпоративная почта, VPN, CRM, HR-порталы, системы с персональными данными и иные ресурсы, перечисленные в регламентах ИТ или ИБ. Если для конкретной системы установлены более строгие правила — руководствуйтесь ими в первую очередь.\n\n2. Угрозы, связанные со слабыми паролями\n\nЗлоумышленники используют автоматический подбор (брутфорс), словари популярных паролей, утечки из сторонних сервисов и социальную инженерию. Повторное использование одного пароля означает: компрометация любого стороннего сайта может привести к попытке входа в вашу рабочую почту под тем же логином и паролем. Короткие пароли из имён, дат и клавиатурных последовательностей подбираются за секунды.\n\nОтветственность сотрудника — не облегчать злоумышленнику задачу: не хранить пароли на стикерах на мониторе, не передавать их коллегам голосом в переполненном помещении, не фотографировать экран с одноразовым кодом.\n\nТиповой сценарий компрометации выглядит так: сотрудник использовал один пароль для корпоративной почты и для форума; база форума утекла в открытый доступ; скрипт автоматически проверил пару «корпоративный email — тот же пароль» и получил доступ к почте. Далее через почту восстанавливают доступ к другим сервисам или отправляют письма от имени жертвы. Разделение паролей и MFA на почте резко снижает вероятность такой цепочки.",
      "image": "",
      "quiz_question": "",
      "quiz_choice_1": "",
      "quiz_choice_2": "",
      "quiz_choice_3": "",
      "quiz_choice_4": "",
      "quiz_correct": null
    }
  },
  {
    "model": "app.materialpage",
    "pk": 161,
    "fields": {
      "material": 3,
      "order": 1,
      "title": "Практика паролей и MFA",
      "body": "3. Практика создания устойчивых паролей\n\nРекомендуется использовать менеджер паролей, одобренный организацией: он генерирует длинные случайные строки и хранит их в зашифрованном виде. Если менеджер недоступен — используйте запоминающиеся длинные фразы из нескольких не связанных слов с цифрами и символами, избегая цитат из фильмов и песен в оригинальном написании.\n\nПароль должен быть уникален для рабочих и личных сервисов. Запрещено использовать корпоративный пароль для регистрации на форумах, маркетплейсах и развлекательных сайтах. При увольнении или смене роли доступы пересматриваются отделом ИТ — не передавайте свою учётную запись другому человеку, даже «на время».\n\n4. Многофакторная аутентификация (MFA)\n\nMFA добавляет второй фактор после пароля: приложение-аутентификатор, SMS, аппаратный ключ или push-уведомление. Даже при утечке пароля без второго фактора вход в систему становится существенно сложнее. Включайте MFA везде, где это предлагает служба и позволяет регламент: прежде всего для почты, VPN, облачных хранилищ и удалённого рабочего стола.\n\nХраните резервные коды восстановления в сейфе или согласованном месте, не в том же файле, что и пароль. При смене телефона заранее перенесите привязку MFA вместе с ИТ-поддержкой, чтобы не потерять доступ к почте в критичный момент.\n\nАдминистраторы и кураторы платформы не должны запрашивать у вас пароль в открытом виде для «проверки». Если вам звонят и просят продиктовать код из приложения — это почти всегда мошенничество. Единственный безопасный ответ: положить трубку и перезвонить по номеру из внутреннего справочника.",
      "image": "",
      "quiz_question": "",
      "quiz_choice_1": "",
      "quiz_choice_2": "",
      "quiz_choice_3": "",
      "quiz_choice_4": "",
      "quiz_correct": null
    }
  },
  {
    "model": "app.materialpage",
    "pk": 162,
    "fields": {
      "material": 3,
      "order": 2,
      "title": "Инциденты и смена пароля",
      "body": "5. Инциденты и смена пароля\n\nНемедленно смените пароль и сообщите в службу ИБ, если: вы подозреваете просмотр экрана при вводе пароля; получили уведомление о входе с незнакомого устройства; случайно отправили пароль в чат; на устройстве обнаружено вредоносное ПО.\n\nПосле смены пароля завершите сессии на других устройствах, если сервис это позволяет. Не используйте «чуть изменённый» старый пароль — генерируйте новый независимый.\n\nВ корпоративной среде парольная политика может требовать периодической смены пароля. Это не отменяет необходимости уникальности: не используйте шаблон вида «Spring2024», «Spring2025» — такие последовательности легко угадываются. Предпочтительнее длинная случайная строка из менеджера паролей.",
      "image": "",
      "quiz_question": "",
      "quiz_choice_1": "",
      "quiz_choice_2": "",
      "quiz_choice_3": "",
      "quiz_choice_4": "",
      "quiz_correct": null
    }
  },
  {
    "model": "app.materialpage",
    "pk": 163,
    "fields": {
      "material": 3,
      "order": 3,
      "title": "Закрепление",
      "body": "6. Контрольные вопросы для самопроверки\n\nПеред прохождением мини-теста убедитесь, что вы понимаете: зачем нужна уникальность паролей, как MFA снижает риск, и когда необходимо срочное обращение в ИБ. Ниже — закрепление материала в виде одного вопроса с вариантами ответа.",
      "image": "",
      "quiz_question": "Что из перечисленного лучше всего повышает устойчивость учётной записи к взлому?",
      "quiz_choice_1": "Короткий пароль из даты рождения",
      "quiz_choice_2": "Один сложный пароль для всех сервисов",
      "quiz_choice_3": "Уникальные длинные пароли и MFA, где это возможно",
      "quiz_choice_4": "Сохранение паролей в текстовом файле на рабочем столе",
      "quiz_correct": 3
    }
  },
  {
    "model": "app.materialpage",
    "pk": 164,
    "fields": {
      "material": 4,
      "order": 0,
      "title": "Назначение и проверка адресов",
      "body": "1. Зачем нужен чек-лист перед отправкой\n\nОшибка в поле адреса, лишняя копия переписки или неверное вложение — частые причины утечек персональных и коммерчески чувствительных данных. Чек-лист снижает вероятность того, что конфиденциальная информация уйдёт контрагенту не тому юридическому лицу, или что сотрудники увидят данные, не входящие в их зону ответственности.\n\nДокумент применяется к исходящей почте с вложениями, содержащими персональные данные, финансовые показатели, договоры, персональные составы и внутренние метрики. Если ваша организация использует шаблоны тем писем — следуйте им без отклонений.\n\nСтатистика инцидентов показывает: значимая доля утечек связана не с взломом серверов, а с человеческим фактором при пересылке и копировании адресов. Поэтому дисциплина в почте — такая же часть ИБ, как антивирус на рабочей станции. Чек-лист можно распечатать и держать рядом с монитором до формирования привычки; для мобильных клиентов полезны напоминания в календаре перед отправкой крупных вложений.\n\n2. Проверка получателей и домена\n\nУбедитесь, что адрес в поле «Кому» совпадает с утверждённым контактом. Обратите внимание на домен: фишинговые письма могут подменять латинскую «a» на кириллическую, добавлять лишние символы в имени домена или имитировать дочерний домен. При сомнении сверьте адрес по внутреннему справочнику или через известный канал (телефон из договора, не из подписи письма).\n\nВ полях «Копия» и «Скрытая копия» оставьте только тех, кому письмо действительно необходимо для работы. Массовая рассылка внутренних метрик «для информации» без необходимости увеличивает поверхность утечки.\n\nПри работе с контрагентами фиксируйте в CRM или договоре официальные адреса для финансовой переписки. Изменение реквизитов или почты без двустороннего подтверждения по защищённому каналу — повод для звонка знакомому контакту, а не ответа на подозрительное письмо.",
      "image": "",
      "quiz_question": "",
      "quiz_choice_1": "",
      "quiz_choice_2": "",
      "quiz_choice_3": "",
      "quiz_choice_4": "",
      "quiz_correct": null
    }
  },
  {
    "model": "app.materialpage",
    "pk": 165,
    "fields": {
      "material": 4,
      "order": 1,
      "title": "Вложения и пересылка",
      "body": "3. Вложения и каналы передачи\n\nКрупные файлы передавайте через утверждённые файловые обменники или зашифрованные каналы, если это регламентировано. Не архивируйте пароль к вложению в том же письме, где архив. Если требуется шифрование — используйте метод, согласованный с ИБ (S/MIME, корпоративный обменник с контролем доступа и т.д.).\n\nПеред отправкой откройте вложение локально и убедитесь, что это последняя версия документа и что в нём нет скрытых комментариев с метаданными, которые не должны уйти вовне.\n\n4. Пересылка длинных цепочек\n\nПри ответе на длинную переписку удалите из тела письма лишние исторические фрагменты, если они содержат устаревшие персональные данные или внутренние обсуждения. Проверьте, что в ответ не попали адреса из полей «Кому»/«Копия» от предыдущих участников, которые не должны получить новое сообщение.\n\nЕсли вы пересылаете цепочку внутри организации, убедитесь, что вложения не содержат версий с отслеживанием изменений, раскрывающих внутренние комментарии рецензентов — при необходимости сделайте «копию без разметки» или экспорт в PDF.",
      "image": "",
      "quiz_question": "",
      "quiz_choice_1": "",
      "quiz_choice_2": "",
      "quiz_choice_3": "",
      "quiz_choice_4": "",
      "quiz_correct": null
    }
  },
  {
    "model": "app.materialpage",
    "pk": 166,
    "fields": {
      "material": 4,
      "order": 2,
      "title": "Тема письма и финальная проверка",
      "body": "5. Тема письма и метаданные\n\nИзбегайте персональных данных в теме письма, если это не требуется по регламенту. Не пишите в теме «срочно», «пароль», «тестовые данные клиента» без необходимости — тема часто видна в списках писем и при пересылке.\n\nОтдельно о маркетинговых пересылках: если вы направляете внешнему адресату письмо с акцией партнёра, убедитесь, что в цепочке нет внутренних согласований с ценами и условиями, не предназначенными для сторонних глаз. Удалите лишнюю переписку из тела перед внешней отправкой.\n\n6. Перед отправкой: последний взгляд\n\nСделайте паузу перед нажатием «Отправить»: перечитайте первый абзац, проверьте вложения по имени файла и количеству. При работе в конце дня усталость повышает риск ошибки — дополнительная проверка оправдана.",
      "image": "",
      "quiz_question": "",
      "quiz_choice_1": "",
      "quiz_choice_2": "",
      "quiz_choice_3": "",
      "quiz_choice_4": "",
      "quiz_correct": null
    }
  },
  {
    "model": "app.materialpage",
    "pk": 167,
    "fields": {
      "material": 4,
      "order": 3,
      "title": "Мини-тест",
      "body": "Проверьте усвоение ключевых шагов чек-листа.",
      "image": "",
      "quiz_question": "Какой шаг снижает риск утечки при ответе на длинную переписку?",
      "quiz_choice_1": "Добавить всех коллег в поле «Копия» для прозрачности",
      "quiz_choice_2": "Удалить лишних получателей и проверить адрес перед отправкой",
      "quiz_choice_3": "Отправить вложение только в названии темы",
      "quiz_choice_4": "Использовать личную почту для ускорения",
      "quiz_correct": 2
    }
  },
  {
    "model": "app.materialpage",
    "pk": 168,
    "fields": {
      "material": 5,
      "order": 0,
      "title": "Определение и признаки",
      "body": "1. Что такое фишинг и spear phishing\n\nФишинг — это попытка получить учётные данные, платёжную информацию или выполнить вредоносное действие под видом доверенного лица или сервиса. Массовые рассылки имитируют банки, почтовые сервисы, службы доставки. Spear phishing нацелен на конкретную организацию или человека: письмо выглядит более правдоподобно, используются реальные имена, должности и контекст проектов.\n\nТипичная цель — заставить жертву перейти по ссылке на поддельную страницу входа, открыть вредоносное вложение или выполнить перевод по поддельному платёжному поручению. Сотрудник — первая линия защиты: технические средства фильтрации не ловят 100% писем.\n\nВ корпоративной среде распространены сценарии «CEO fraud»: письмо якобы от руководителя с просьбой срочно перевести средства или согласовать счёт. Проверка по второму каналу (звонок, внутренний мессенджер с верифицированным контактом) обязательна, даже если тема письма помечена как срочная.\n\n2. Признаки подозрительного письма\n\nОбратите внимание на: искусственную срочность («в течение часа заблокируем аккаунт»); обращение «уважаемый клиент» без имени; грамматические ошибки в официальном тексте; адрес отправителя, отличающийся от официального домена; несоответствие стиля обычной переписке с контрагентом.\n\nВложения в форматах .exe, макросы в .doc, неожиданные .html или архивы с паролем в теле письма — повод остановиться и проверить отправителя через второй канал.\n\nОтчёты антиспама и песочниц не заменяют здравый смысл: письмо может пройти фильтр, если отправитель скомпрометирован легитимно. Сравните стиль письма с предыдущими переписками с тем же контрагентом — внезапная смена тона или требование срочного платежа на новые реквизиты требует верификации.",
      "image": "",
      "quiz_question": "",
      "quiz_choice_1": "",
      "quiz_choice_2": "",
      "quiz_choice_3": "",
      "quiz_choice_4": "",
      "quiz_correct": null
    }
  },
  {
    "model": "app.materialpage",
    "pk": 169,
    "fields": {
      "material": 5,
      "order": 1,
      "title": "Социальная инженерия",
      "body": "3. Социальная инженерия в мессенджерах и звонках\n\nЗлоумышленник может представиться коллегой или ИТ-поддержкой и попросить продиктовать код из приложения-аутентификатора или сбросить пароль «для проверки». Легитимная поддержка не просит пароли и одноразовые коды в чате. При сомнении завершите разговор и наберите номер из внутреннего справочника.\n\nВ мессенджерах проверяйте идентификатор отправителя так же тщательно, как email: поддельные аккаунты копируют аватары и имена.\n\nКорпоративные учебные платформы и сервисы рассылок иногда подделывают в виде «напоминания пройти обучение» с ссылкой на клон сайта. Сверяйте URL с тем, что указан в внутреннем портале; при сомнении войдите через закладку, а не через письмо.\n\nОтдел кадров и бухгалтерия никогда не просят выслать сканы паспорта и реквизиты карт на личную почту без предварительного согласованного канала. Любое такое письмо — повод для звонка внутреннему номеру из справочника, а не ответа отправителю.",
      "image": "",
      "quiz_question": "",
      "quiz_choice_1": "",
      "quiz_choice_2": "",
      "quiz_choice_3": "",
      "quiz_choice_4": "",
      "quiz_correct": null
    }
  },
  {
    "model": "app.materialpage",
    "pk": 170,
    "fields": {
      "material": 5,
      "order": 2,
      "title": "Действия при подозрении",
      "body": "4. Действия при подозрении\n\nНе переходите по ссылкам из письма; откройте сервис через закладку браузера или введите адрес вручную. Не загружайте вложение на рабочий ПК. Сохраните письмо как вложение и перешлите в службу ИБ по регламенту или поместите в карантинную папку, если такая предусмотрена.\n\nЕсли вы уже ввели пароль на подозрительной странице — немедленно смените пароль в настоящем сервисе и сообщите в ИБ. При открытии вредоносного файла — отключите сеть по инструкции и вызовите ИТ.\n\n5. Учёт и обучение\n\nФиксация фишинговых писем в службе ИБ помогает скорректировать фильтры и предупредить коллег. Участие в имитационных фишинг-тестах (если они проводятся) не наказывается при честном прохождении отчёта — цель тренировать внимание, а не наказывать за ошибку.",
      "image": "",
      "quiz_question": "",
      "quiz_choice_1": "",
      "quiz_choice_2": "",
      "quiz_choice_3": "",
      "quiz_choice_4": "",
      "quiz_correct": null
    }
  },
  {
    "model": "app.materialpage",
    "pk": 171,
    "fields": {
      "material": 5,
      "order": 3,
      "title": "Мини-тест",
      "body": "Кратко проверьте понимание типичных ошибок и правильной реакции.",
      "image": "",
      "quiz_question": "Что следует сделать при письме с требованием «срочно ввести пароль по ссылке»?",
      "quiz_choice_1": "Сразу перейти по ссылке и сменить пароль",
      "quiz_choice_2": "Ответить отправителю с просьбой подтвердить личность",
      "quiz_choice_3": "Не вводить данные по ссылке из письма; открыть сервис напрямую или обратиться в ИБ",
      "quiz_choice_4": "Переслать письмо всем коллегам для обсуждения",
      "quiz_correct": 3
    }
  },
  {
    "model": "app.materialpage",
    "pk": 172,
    "fields": {
      "material": 6,
      "order": 0,
      "title": "Угрозы публичных сетей",
      "body": "1. Модель угроз в публичных сетях\n\nТочка Wi‑Fi в аэропорту, кафе или гостинице может контролироваться злоумышленником или быть скомпрометированной. В такой сети возможны прослушивание незашифрованного трафика, подмена DNS, перенаправление на фишинговые страницы и атаки на устройства с устаревшими ОС. Даже при шифровании HTTPS злоумышленник видит метаданные и может попытаться вмешаться в сессию при наличии уязвимостей на клиенте.\n\nКорпоративные данные и учётные записи не должны обрабатываться через непроверенные сети без дополнительных мер — как минимум без одобренного VPN и актуальных обновлений безопасности.\n\nАтака «злой двойник» Wi‑Fi использует ту же точку доступа SSID, что и легитимная сеть, но с другим оборудованием. Клиент может подключиться к более сильному сигналу злоумышленника. Поэтому важны сертификаты VPN и проверка подлинности портала captive portal, если он используется.",
      "image": "",
      "quiz_question": "",
      "quiz_choice_1": "",
      "quiz_choice_2": "",
      "quiz_choice_3": "",
      "quiz_choice_4": "",
      "quiz_correct": null
    }
  },
  {
    "model": "app.materialpage",
    "pk": 173,
    "fields": {
      "material": 6,
      "order": 1,
      "title": "VPN и корпоративный доступ",
      "body": "2. VPN и доверенные каналы\n\nВиртуальная частная сеть (VPN), выданная организацией, создаёт зашифрованный туннель до корпоративного периметра. Используйте только клиент и профили, предоставленные ИТ; не устанавливайте «бесплатные VPN» из рекламы — они могут перехватывать трафик.\n\nДля доступа к облачным сервисам по политике zero trust применяйте корпоративные методы аутентификации (MFA, условный доступ) в соответствии с регламентом.\n\nРазделение трафика: на одном ноутбуке не смешивайте личные торренты и корпоративный VPN — вредонос с «домашней» сессии может перехватить клавиатуру или буфер обмена. На выставках и конференциях используйте отдельный «гостевой» ноутбук или виртуальную машину, если политика это допускает.\n\nПри работе с IP-телефонией и видеоконференциями помните: качество связи в публичной сети не гарантировано; при обрыве переподключитесь через VPN и убедитесь, что клиент не сохранил старые незащищённые сессии.",
      "image": "",
      "quiz_question": "",
      "quiz_choice_1": "",
      "quiz_choice_2": "",
      "quiz_choice_3": "",
      "quiz_choice_4": "",
      "quiz_correct": null
    }
  },
  {
    "model": "app.materialpage",
    "pk": 174,
    "fields": {
      "material": 6,
      "order": 2,
      "title": "Практика и мобильный интернет",
      "body": "3. Практика вне офиса\n\nПо возможности используйте раздачу интернета с корпоративного или личного смартфона вместо публичного Wi‑Fi для конфиденциальных операций. Отключите автоподключение к известным SSID — злоумышленник может создать точку с тем же именем.\n\nНе оставляйте рабочую сессию открытой на чужом компьютере. Не используйте публичные зарядные станции USB без «USB-кондома» (data blocker), если политика организации это требует — известны атаки через USB.\n\n4. Командировки и гостиницы\n\nВ номере отеля сеть может быть изолирована по комнатам, но администрация точки всё равно видит метаданные. Для работы с закрытыми документами используйте корпоративный VPN поверх любого предоставленного доступа. Не соглашайтесь на установку «ускорителей интернета» и корневых сертификатов на рабочий ПК без согласования с ИБ.\n\nПри совместной работе в коворкинге используйте privacy-фильтры на экран, если обрабатываете персональные данные; соседний стол не обязан соблюдать вашу конфиденциальность.\n\n5. Домашний офис и гибрид\n\nПри работе дома обеспечьте, чтобы члены семьи не использовали рабочий ноутбук для игр и учёбы; отдельная учётная запись ОС снижает риск случайной установки ПО. Документы с ПДн не храните на общем сетевом диске домашней сети без шифрования. Выездные визиты к клиенту: ноутбук не оставляйте в автомобиле на видном месте даже на «две минуты».\n\n6. Технические аспекты беспроводной сети\n\nИспользуйте только протоколы с современным шифрованием (WPA3 или WPA2-Enterprise); открытые сети без пароля — только для гостевого доступа без корпоративных данных. На смартфоне отключите общий доступ к файлам по Bluetooth в публичных местах. Регулярно обновляйте прошивку роутера дома, если вы подключаетесь к VPN с личной сети: устаревшие устройства становятся точкой входа для ботнетов и могут косвенно затронуть работу, если на том же канале идёт корпоративный трафик.",
      "image": "",
      "quiz_question": "",
      "quiz_choice_1": "",
      "quiz_choice_2": "",
      "quiz_choice_3": "",
      "quiz_choice_4": "",
      "quiz_correct": null
    }
  },
  {
    "model": "app.materialpage",
    "pk": 175,
    "fields": {
      "material": 6,
      "order": 3,
      "title": "Мини-тест",
      "body": "Закрепление правил безопасной работы вне периметра.",
      "image": "",
      "quiz_question": "Как снизить риск при работе с корпоративной почтой в кафе?",
      "quiz_choice_1": "Использовать любую открытую сеть без ограничений",
      "quiz_choice_2": "Только VPN, одобренный организацией, или доверенный канал",
      "quiz_choice_3": "Сократить длину пароля для быстрого ввода",
      "quiz_choice_4": "Сохранять сессию на чужом компьютере",
      "quiz_correct": 2
    }
  },
  {
    "model": "app.materialpage",
    "pk": 176,
    "fields": {
      "material": 7,
      "order": 0,
      "title": "Цели и область применения",
      "body": "1. Цели политики чистого стола и экрана\n\nФизическая безопасность дополняет логическую: документы с персональными данными, незаблокированный монитор и оставленный пропуск снижают порог для злоумышленника внутри здания или у подрядчика. Политика чистого стола снижает риск случайного подглядывания, фотографирования и кражи бумажных носителей.\n\nОбласть применения — офисные помещения, переговорные, удалённые рабочие места в коворкингах, если на них обрабатываются данные организации. В регламенте могут быть исключения для зон с контролируемым доступом — ориентируйтесь на локальные нормы.\n\nПолитика чистого стола дополняет требования к защите персональных данных: снижение несанкционированного доступа «с улицы», служебных конфликтов и случайной утечки через фотографии в соцсетях с фоном рабочего стола. Даже без злого умысла коллега может увидеть конфиденциальный номер договора на втором мониторе.",
      "image": "",
      "quiz_question": "",
      "quiz_choice_1": "",
      "quiz_choice_2": "",
      "quiz_choice_3": "",
      "quiz_choice_4": "",
      "quiz_correct": null
    }
  },
  {
    "model": "app.materialpage",
    "pk": 177,
    "fields": {
      "material": 7,
      "order": 1,
      "title": "Бумага и USB",
      "body": "2. Бумажные документы и носители\n\nНе оставляйте на столе распечатки с персональными данными без производственной необходимости. Используйте шкафы с замком для хранения; в конце рабочего дня убирайте конфиденциальные материалы. Уничтожайте черновики в шредере, если на них есть идентифицирующие данные.\n\nUSB-накопители и внешние диски храните в выданном месте; не подключайте неизвестные устройства к рабочему ПК. Не используйте личные флешки для переноса рабочих данных без согласования с ИБ.\n\nВ переговорных комнатах после встреч проверьте, что на доске не остались фамилии клиентов, суммы сделок и схемы процессов. Фотографии доски для внутреннего использования храните в защищённом хранилище, а не в личной галерее телефона.\n\nКурьерские службы и архив: входящие конверты с отметкой «конфиденциально» открываются только уполномоченным лицом; пустые конверты и упаковку с адресами утилизируйте так, чтобы третьи лица не могли восстановить маршрут переписки. Этикетки на коробках с носителями не должны содержать лишних персональных данных сверх регламента.",
      "image": "",
      "quiz_question": "",
      "quiz_choice_1": "",
      "quiz_choice_2": "",
      "quiz_choice_3": "",
      "quiz_choice_4": "",
      "quiz_correct": null
    }
  },
  {
    "model": "app.materialpage",
    "pk": 178,
    "fields": {
      "material": 7,
      "order": 2,
      "title": "Экран и пропуска",
      "body": "3. Экран, пропуска и гости\n\nБлокируйте сессию (Win+L или аналог) при любом отходе от рабочего места, даже на одну минуту. Не используйте «открытый» режим без пароля на экране блокировки.\n\nПропуск и ключи не передавайте посторонним. Сопровождайте гостей в зонах с чувствительной информацией согласно правилам посетителей. Фотографирование экранов и досок в переговорках с данными клиентов — только по разрешению.\n\n4. Печать, утилизация и инциденты\n\nПринтеры общего пользования: забирайте документы сразу; не используйте лоток как временное хранилище. При застревании бумаги не оставляйте застрявший лист с ПДн без контроля — уничтожьте или верните в шредер по процедуре.\n\nУтеря пропуска или ключа от шкафа фиксируется ответственным лицом; временный доступ выдаётся по регламенту. Не делайте дубликаты ключей без учёта в службе безопасности.\n\n5. Аудит, обучение и нарушения\n\nПериодические обходы помещений и фотоотчёты для внутреннего аудита помогают выявлять системные нарушения (например, постоянно открытые шкафы с документами). Результаты используются не для наказания «ради статистики», а для корректировки процессов: закупка шредеров, дополнительные замки, напоминания в корпоративном обучении.\n\nПри выявлении грубого нарушения (съёмка экрана с клиентскими данными в соцсетях, продажа конфиденциальных бумаг в приём макулатуры без шредирования) действует дисциплинарный регламент и взаимодействие с ИБ. Сотрудник обязан сообщать о подозрительных лицах в зоне доступа — это часть культуры безопасности.",
      "image": "",
      "quiz_question": "",
      "quiz_choice_1": "",
      "quiz_choice_2": "",
      "quiz_choice_3": "",
      "quiz_choice_4": "",
      "quiz_correct": null
    }
  },
  {
    "model": "app.materialpage",
    "pk": 179,
    "fields": {
      "material": 7,
      "order": 3,
      "title": "Мини-тест",
      "body": "Проверка ключевых правил физической безопасности.",
      "image": "",
      "quiz_question": "Что относится к политике чистого стола?",
      "quiz_choice_1": "Оставлять пароли на стикере на мониторе для удобства",
      "quiz_choice_2": "Блокировать сессию при кратковременном отсутствии и убирать бумаги с ПДн",
      "quiz_choice_3": "Делиться пропуском с гостем",
      "quiz_choice_4": "Использовать личный USB для резервных копий рабочих файлов без проверки",
      "quiz_correct": 2
    }
  },
  {
    "model": "app.materialpage",
    "pk": 180,
    "fields": {
      "material": 8,
      "order": 0,
      "title": "Назначение резервирования",
      "body": "1. Зачем нужен резерв и что копировать\n\nРезервное копирование защищает от потери данных при сбое оборудования, ошибках пользователя, вредоносном шифровании (ransomware) и стихийных бедствиях. Определите критичность систем: для каких данных допустима потеря суток, для каких — только минуты. Политика хранения (retention) задаёт, как долго хранятся копии и с какой периодичностью они делаются.\n\nВ резерв включают базы данных, конфигурации серверов, файловые хранилища, почтовые ящики по регламенту и рабочие станции критичных ролей — если это предусмотрено локальной политикой.\n\nОценка критичности помогает расставить приоритеты: потеря внутреннего портала обучения и потеря биллинговой системы — разные по последствиям события; резервные окна (RPO) для них могут отличаться на порядки.\n\nУчёт лицензий на ПО и криптоключей: при восстановлении на «чистое» железо понадобятся установочные носители и ключи активации. Храните их отдельно от основного контура, иначе резерв данных бесполезен без возможности запустить приложения. Для виртуальных машин документируйте конфигурацию vCPU, RAM и сетевых интерфейсов — это ускоряет развёртывание.",
      "image": "",
      "quiz_question": "",
      "quiz_choice_1": "",
      "quiz_choice_2": "",
      "quiz_choice_3": "",
      "quiz_choice_4": "",
      "quiz_correct": null
    }
  },
  {
    "model": "app.materialpage",
    "pk": 181,
    "fields": {
      "material": 8,
      "order": 1,
      "title": "3-2-1, шифрование, доступ",
      "body": "2. Правило 3-2-1 и проверка восстановления\n\nКлассическая рекомендация: три копии данных, на двух разных носителях, одна копия вне офиса (облако или удалённая площадка). Для организации конкретные цифры задаёт ИТ. Главное — регулярно тестировать восстановление: копия, которая не восстанавливается, бесполезна. Проводите тестовые восстановления на тестовую среду и фиксируйте время простоя (RTO) и допустимую потерю данных (RPO).\n\n3. Шифрование и доступ к бэкапам\n\nРезервные копии, содержащие персональные данные, должны храниться с шифрованием и разграничением доступа. Учётные записи для систем резервного копирования не должны совпадать с учётками повседневной работы; применяйте принцип минимальных привилегий.\n\nРазделение сред: бэкап «тёплый» (быстрый доступ) и «холодный» (архив на ленте или облаке с редким доступом) помогает снизить ущерб от ransomware: злоумышленнику сложнее уничтожить все копии сразу, если одна из линий недоступна из той же сети, что заражённый хост.\n\nЖурналирование заданий резервного копирования позволяет при аудите доказать, что копии действительно создавались; при сбое задания оперативно включают эскалацию в ИТ.\n\nПлан аварийного восстановления (DR) связывает резервы с бизнес-процессами: кто принимает решение о переключении на площадку восстановления, как коммуницировать с клиентами при длительном простое, какие договоры SLA с провайдерами резервного ЦОДа действуют. Без такого плана даже успешная копия не гарантирует управляемое восстановление бизнеса.",
      "image": "",
      "quiz_question": "",
      "quiz_choice_1": "",
      "quiz_choice_2": "",
      "quiz_choice_3": "",
      "quiz_choice_4": "",
      "quiz_correct": null
    }
  },
  {
    "model": "app.materialpage",
    "pk": 182,
    "fields": {
      "material": 8,
      "order": 2,
      "title": "Уничтожение и ответственность",
      "body": "4. Уничтожение данных и носителей\n\nПри списании жёстких дисков и SSD используйте процедуры безвозвратного стирания или физического уничтожения, согласованные с ИБ. Бумажные документы с ПДн — в шредер перекрёстного резания или через лицензированного подрядчика. Не выбрасывать носители в обычный мусор. Для облачных сервисов уточняйте у провайдера политику удаления данных: «удалить» в интерфейсе не всегда означает немедленное стирание на всех копиях.\n\n5. Ответственность сотрудника\n\nСотрудник обязан сохранять рабочие файлы в утверждённые корпоративные хранилища, а не только на локальный диск «потому что быстрее». При увольнении передачу данных оформляет ИТ; не копируйте рабочие архивы на личные носители без разрешения.\n\nДля команд разработки: репозитории и CI/CD должны входить в контур резервирования вместе с артефактами сборок, иначе восстановление продукта затянется даже при целых базах. Документируйте зависимости между системами при планировании RTO.",
      "image": "",
      "quiz_question": "",
      "quiz_choice_1": "",
      "quiz_choice_2": "",
      "quiz_choice_3": "",
      "quiz_choice_4": "",
      "quiz_correct": null
    }
  },
  {
    "model": "app.materialpage",
    "pk": 183,
    "fields": {
      "material": 8,
      "order": 3,
      "title": "Мини-тест",
      "body": "Проверка понимания RTO/RPO и утилизации.",
      "image": "",
      "quiz_question": "Почему важно тестировать восстановление из резервной копии?",
      "quiz_choice_1": "Чтобы увеличить объём диска",
      "quiz_choice_2": "Чтобы убедиться, что копия действительно пригодна для восстановления",
      "quiz_choice_3": "Чтобы удалить старые файлы быстрее",
      "quiz_choice_4": "Это требование только для серверов, не для рабочих станций",
      "quiz_correct": 2
    }
  },
  {
    "model": "app.knowledgetest",
    "pk": 2,
    "fields": {
      "title": "Криптография",
      "slug": "test",
      "summary": "Короткий тест по Криптографии",
      "category": 3,
      "author": 3,
      "estimated_minutes": 15,
      "passing_score_percent": 80,
      "is_published": true,
      "published_at": "2026-04-11T19:55:52.953Z",
      "created_at": "2026-04-11T19:49:36.643Z",
      "updated_at": "2026-04-11T19:55:52.953Z"
    }
  },
  {
    "model": "app.knowledgetest",
    "pk": 3,
    "fields": {
      "title": "Тест: основы информационной безопасности",
      "slug": "test-osnovy-ib",
      "summary": "Проверка базовых понятий: конфиденциальность, целостность, угрозы и ответственность сотрудника.",
      "category": 8,
      "author": 3,
      "estimated_minutes": 12,
      "passing_score_percent": 60,
      "is_published": true,
      "published_at": "2026-04-12T21:44:29.765Z",
      "created_at": "2026-04-12T21:44:30.017Z",
      "updated_at": "2026-04-12T21:44:30.017Z"
    }
  },
  {
    "model": "app.knowledgetest",
    "pk": 4,
    "fields": {
      "title": "Тест: персональные данные и конфиденциальность",
      "slug": "test-pd-i-konfidencialnost",
      "summary": "Вопросы о классификации данных, согласиях и безопасной обработке ПДн.",
      "category": 9,
      "author": 3,
      "estimated_minutes": 15,
      "passing_score_percent": 60,
      "is_published": true,
      "published_at": "2026-04-12T21:44:29.765Z",
      "created_at": "2026-04-12T21:44:30.123Z",
      "updated_at": "2026-04-12T21:44:30.123Z"
    }
  },
  {
    "model": "app.knowledgetest",
    "pk": 5,
    "fields": {
      "title": "Тест: сети, периметр и удалённая работа",
      "slug": "test-set-i-perimetr",
      "summary": "Вопросы о VPN, Wi‑Fi, сегментации и типичных сетевых угрозах.",
      "category": 10,
      "author": 3,
      "estimated_minutes": 14,
      "passing_score_percent": 60,
      "is_published": true,
      "published_at": "2026-04-12T21:44:29.765Z",
      "created_at": "2026-04-12T21:44:30.141Z",
      "updated_at": "2026-04-12T21:44:30.141Z"
    }
  },
  {
    "model": "app.knowledgetest",
    "pk": 6,
    "fields": {
      "title": "Тест: учётные записи и контроль доступа",
      "slug": "test-kontrol-dostupa",
      "summary": "Роли, привилегии, общие учётные записи и сессии.",
      "category": 11,
      "author": 3,
      "estimated_minutes": 13,
      "passing_score_percent": 60,
      "is_published": true,
      "published_at": "2026-04-12T21:44:29.765Z",
      "created_at": "2026-04-12T21:44:30.158Z",
      "updated_at": "2026-04-12T21:44:30.158Z"
    }
  },
  {
    "model": "app.knowledgetestquestion",
    "pk": 1,
    "fields": {
      "test": 2,
      "order": 1,
      "text": "Что такое криптография?"
    }
  },
  {
    "model": "app.knowledgetestquestion",
    "pk": 2,
    "fields": {
      "test": 2,
      "order": 2,
      "text": "Что используется в симметричном шифровании?"
    }
  },
  {
    "model": "app.knowledgetestquestion",
    "pk": 3,
    "fields": {
      "test": 2,
      "order": 3,
      "text": "Какова основная функция хеширования?"
    }
  },
  {
    "model": "app.knowledgetestquestion",
    "pk": 4,
    "fields": {
      "test": 2,
      "order": 4,
      "text": "Что такое цифровая подпись?"
    }
  },
  {
    "model": "app.knowledgetestquestion",
    "pk": 5,
    "fields": {
      "test": 2,
      "order": 5,
      "text": "Что обеспечивает протокол SSL/TLS?"
    }
  },
  {
    "model": "app.knowledgetestquestion",
    "pk": 6,
    "fields": {
      "test": 3,
      "order": 0,
      "text": "Что из перечисленного лучше всего описывает конфиденциальность информации?"
    }
  },
  {
    "model": "app.knowledgetestquestion",
    "pk": 7,
    "fields": {
      "test": 3,
      "order": 1,
      "text": "Какой пример социальной инженерии наиболее типичен?"
    }
  },
  {
    "model": "app.knowledgetestquestion",
    "pk": 8,
    "fields": {
      "test": 3,
      "order": 2,
      "text": "Зачем фиксировать инциденты информационной безопасности?"
    }
  },
  {
    "model": "app.knowledgetestquestion",
    "pk": 9,
    "fields": {
      "test": 3,
      "order": 3,
      "text": "Что такое фишинг в контексте ИБ?"
    }
  },
  {
    "model": "app.knowledgetestquestion",
    "pk": 10,
    "fields": {
      "test": 3,
      "order": 4,
      "text": "Какой принцип «минимальных привилегий» означает для сотрудника?"
    }
  },
  {
    "model": "app.knowledgetestquestion",
    "pk": 11,
    "fields": {
      "test": 4,
      "order": 0,
      "text": "Что относится к персональным данным?"
    }
  },
  {
    "model": "app.knowledgetestquestion",
    "pk": 12,
    "fields": {
      "test": 4,
      "order": 1,
      "text": "Зачем ограничивать круг лиц, имеющих доступ к ПДн?"
    }
  },
  {
    "model": "app.knowledgetestquestion",
    "pk": 13,
    "fields": {
      "test": 4,
      "order": 2,
      "text": "Как безопаснее передавать файл с персональными данными внешнему контрагенту?"
    }
  },
  {
    "model": "app.knowledgetestquestion",
    "pk": 14,
    "fields": {
      "test": 4,
      "order": 3,
      "text": "Что делать при случайной отправке письма с ПДн не тому получателю?"
    }
  },
  {
    "model": "app.knowledgetestquestion",
    "pk": 15,
    "fields": {
      "test": 4,
      "order": 4,
      "text": "Какой подход соответствует минимизации данных?"
    }
  },
  {
    "model": "app.knowledgetestquestion",
    "pk": 16,
    "fields": {
      "test": 5,
      "order": 0,
      "text": "Зачем организации использовать VPN для удалённого доступа?"
    }
  },
  {
    "model": "app.knowledgetestquestion",
    "pk": 17,
    "fields": {
      "test": 5,
      "order": 1,
      "text": "Что такое MITM-атака в упрощённом смысле?"
    }
  },
  {
    "model": "app.knowledgetestquestion",
    "pk": 18,
    "fields": {
      "test": 5,
      "order": 2,
      "text": "Почему не рекомендуется подключать неизвестные USB-устройства к рабочему ПК?"
    }
  },
  {
    "model": "app.knowledgetestquestion",
    "pk": 19,
    "fields": {
      "test": 5,
      "order": 3,
      "text": "Что помогает сегментация сети в организации?"
    }
  },
  {
    "model": "app.knowledgetestquestion",
    "pk": 20,
    "fields": {
      "test": 5,
      "order": 4,
      "text": "Какой признак может указывать на поддельную точку Wi‑Fi?"
    }
  },
  {
    "model": "app.knowledgetestquestion",
    "pk": 21,
    "fields": {
      "test": 6,
      "order": 0,
      "text": "Почему нельзя использовать одну учётную запись на нескольких сотрудников?"
    }
  },
  {
    "model": "app.knowledgetestquestion",
    "pk": 22,
    "fields": {
      "test": 6,
      "order": 1,
      "text": "Что такое принцип разделения обязанностей?"
    }
  },
  {
    "model": "app.knowledgetestquestion",
    "pk": 23,
    "fields": {
      "test": 6,
      "order": 2,
      "text": "Как часто следует менять пароль при подозрении на компрометацию?"
    }
  },
  {
    "model": "app.knowledgetestquestion",
    "pk": 24,
    "fields": {
      "test": 6,
      "order": 3,
      "text": "Зачем блокировать сессию при уходе с рабочего места?"
    }
  },
  {
    "model": "app.knowledgetestquestion",
    "pk": 25,
    "fields": {
      "test": 6,
      "order": 4,
      "text": "Что из перечисленного усиливает защиту учётной записи наряду с паролем?"
    }
  },
  {
    "model": "app.knowledgetestanswerchoice",
    "pk": 1,
    "fields": {
      "question": 1,
      "order": 1,
      "text": "Метод хранения данных",
      "is_correct": false
    }
  },
  {
    "model": "app.knowledgetestanswerchoice",
    "pk": 2,
    "fields": {
      "question": 1,
      "order": 2,
      "text": "Метод защиты информации путем шифрования",
      "is_correct": true
    }
  },
  {
    "model": "app.knowledgetestanswerchoice",
    "pk": 3,
    "fields": {
      "question": 1,
      "order": 3,
      "text": "Способ передачи данных",
      "is_correct": false
    }
  },
  {
    "model": "app.knowledgetestanswerchoice",
    "pk": 4,
    "fields": {
      "question": 1,
      "order": 4,
      "text": "Вид программирования",
      "is_correct": false
    }
  },
  {
    "model": "app.knowledgetestanswerchoice",
    "pk": 5,
    "fields": {
      "question": 2,
      "order": 1,
      "text": "Два разных ключа",
      "is_correct": false
    }
  },
  {
    "model": "app.knowledgetestanswerchoice",
    "pk": 6,
    "fields": {
      "question": 2,
      "order": 2,
      "text": "Один общий ключ",
      "is_correct": true
    }
  },
  {
    "model": "app.knowledgetestanswerchoice",
    "pk": 7,
    "fields": {
      "question": 2,
      "order": 3,
      "text": "Пароль и логин",
      "is_correct": false
    }
  },
  {
    "model": "app.knowledgetestanswerchoice",
    "pk": 8,
    "fields": {
      "question": 2,
      "order": 4,
      "text": "Только открытый ключ",
      "is_correct": false
    }
  },
  {
    "model": "app.knowledgetestanswerchoice",
    "pk": 9,
    "fields": {
      "question": 3,
      "order": 1,
      "text": "Шифрование с возможностью восстановления",
      "is_correct": false
    }
  },
  {
    "model": "app.knowledgetestanswerchoice",
    "pk": 10,
    "fields": {
      "question": 3,
      "order": 2,
      "text": "Сжатие данных",
      "is_correct": false
    }
  },
  {
    "model": "app.knowledgetestanswerchoice",
    "pk": 11,
    "fields": {
      "question": 3,
      "order": 3,
      "text": "Преобразование данных в фиксированную строку",
      "is_correct": true
    }
  },
  {
    "model": "app.knowledgetestanswerchoice",
    "pk": 12,
    "fields": {
      "question": 3,
      "order": 4,
      "text": "Передача данных",
      "is_correct": false
    }
  },
  {
    "model": "app.knowledgetestanswerchoice",
    "pk": 13,
    "fields": {
      "question": 4,
      "order": 1,
      "text": "Вид пароля",
      "is_correct": false
    }
  },
  {
    "model": "app.knowledgetestanswerchoice",
    "pk": 14,
    "fields": {
      "question": 4,
      "order": 2,
      "text": "Способ сжатия данных",
      "is_correct": false
    }
  },
  {
    "model": "app.knowledgetestanswerchoice",
    "pk": 15,
    "fields": {
      "question": 4,
      "order": 3,
      "text": "Метод подтверждения подлинности",
      "is_correct": true
    }
  },
  {
    "model": "app.knowledgetestanswerchoice",
    "pk": 16,
    "fields": {
      "question": 4,
      "order": 4,
      "text": "Тип вируса",
      "is_correct": false
    }
  },
  {
    "model": "app.knowledgetestanswerchoice",
    "pk": 17,
    "fields": {
      "question": 5,
      "order": 1,
      "text": "Ускорение интернета",
      "is_correct": false
    }
  },
  {
    "model": "app.knowledgetestanswerchoice",
    "pk": 18,
    "fields": {
      "question": 5,
      "order": 2,
      "text": "Защиту передачи данных",
      "is_correct": true
    }
  },
  {
    "model": "app.knowledgetestanswerchoice",
    "pk": 19,
    "fields": {
      "question": 5,
      "order": 3,
      "text": "Хранение данных",
      "is_correct": false
    }
  },
  {
    "model": "app.knowledgetestanswerchoice",
    "pk": 20,
    "fields": {
      "question": 5,
      "order": 4,
      "text": "Удаление вирусов",
      "is_correct": false
    }
  },
  {
    "model": "app.knowledgetestanswerchoice",
    "pk": 21,
    "fields": {
      "question": 6,
      "order": 0,
      "text": "Данные не потеряны при сбое диска",
      "is_correct": false
    }
  },
  {
    "model": "app.knowledgetestanswerchoice",
    "pk": 22,
    "fields": {
      "question": 6,
      "order": 1,
      "text": "Доступ к данным есть только у уполномоченных лиц",
      "is_correct": true
    }
  },
  {
    "model": "app.knowledgetestanswerchoice",
    "pk": 23,
    "fields": {
      "question": 6,
      "order": 2,
      "text": "Данные не изменены без разрешения",
      "is_correct": false
    }
  },
  {
    "model": "app.knowledgetestanswerchoice",
    "pk": 24,
    "fields": {
      "question": 6,
      "order": 3,
      "text": "Данные всегда доступны онлайн",
      "is_correct": false
    }
  },
  {
    "model": "app.knowledgetestanswerchoice",
    "pk": 25,
    "fields": {
      "question": 7,
      "order": 0,
      "text": "Шифрование диска",
      "is_correct": false
    }
  },
  {
    "model": "app.knowledgetestanswerchoice",
    "pk": 26,
    "fields": {
      "question": 7,
      "order": 1,
      "text": "Звонок с просьбой продиктовать пароль от имени «IT-поддержки»",
      "is_correct": true
    }
  },
  {
    "model": "app.knowledgetestanswerchoice",
    "pk": 27,
    "fields": {
      "question": 7,
      "order": 2,
      "text": "Обновление антивирусных баз",
      "is_correct": false
    }
  },
  {
    "model": "app.knowledgetestanswerchoice",
    "pk": 28,
    "fields": {
      "question": 7,
      "order": 3,
      "text": "Настройка межсетевого экрана",
      "is_correct": false
    }
  },
  {
    "model": "app.knowledgetestanswerchoice",
    "pk": 29,
    "fields": {
      "question": 8,
      "order": 0,
      "text": "Только для награждения сотрудников",
      "is_correct": false
    }
  },
  {
    "model": "app.knowledgetestanswerchoice",
    "pk": 30,
    "fields": {
      "question": 8,
      "order": 1,
      "text": "Чтобы анализировать причины, снижать риски и выполнять требования регуляторов",
      "is_correct": true
    }
  },
  {
    "model": "app.knowledgetestanswerchoice",
    "pk": 31,
    "fields": {
      "question": 8,
      "order": 2,
      "text": "Чтобы увеличить количество отчётов без цели",
      "is_correct": false
    }
  },
  {
    "model": "app.knowledgetestanswerchoice",
    "pk": 32,
    "fields": {
      "question": 8,
      "order": 3,
      "text": "Чтобы скрыть факты от руководства",
      "is_correct": false
    }
  },
  {
    "model": "app.knowledgetestanswerchoice",
    "pk": 33,
    "fields": {
      "question": 9,
      "order": 0,
      "text": "Резервное копирование почты",
      "is_correct": false
    }
  },
  {
    "model": "app.knowledgetestanswerchoice",
    "pk": 34,
    "fields": {
      "question": 9,
      "order": 1,
      "text": "Попытка обманом получить учётные данные или действия пользователя",
      "is_correct": true
    }
  },
  {
    "model": "app.knowledgetestanswerchoice",
    "pk": 35,
    "fields": {
      "question": 9,
      "order": 2,
      "text": "Шифрование трафика VPN",
      "is_correct": false
    }
  },
  {
    "model": "app.knowledgetestanswerchoice",
    "pk": 36,
    "fields": {
      "question": 9,
      "order": 3,
      "text": "Установка обновлений ОС",
      "is_correct": false
    }
  },
  {
    "model": "app.knowledgetestanswerchoice",
    "pk": 37,
    "fields": {
      "question": 10,
      "order": 0,
      "text": "Иметь максимум прав для удобства",
      "is_correct": false
    }
  },
  {
    "model": "app.knowledgetestanswerchoice",
    "pk": 38,
    "fields": {
      "question": 10,
      "order": 1,
      "text": "Получать ровно те доступы, которые нужны для выполнения обязанностей",
      "is_correct": true
    }
  },
  {
    "model": "app.knowledgetestanswerchoice",
    "pk": 39,
    "fields": {
      "question": 10,
      "order": 2,
      "text": "Делиться учётной записью с коллегой при отпуске",
      "is_correct": false
    }
  },
  {
    "model": "app.knowledgetestanswerchoice",
    "pk": 40,
    "fields": {
      "question": 10,
      "order": 3,
      "text": "Использовать одну роль для всех систем",
      "is_correct": false
    }
  },
  {
    "model": "app.knowledgetestanswerchoice",
    "pk": 41,
    "fields": {
      "question": 11,
      "order": 0,
      "text": "Только номер паспорта",
      "is_correct": false
    }
  },
  {
    "model": "app.knowledgetestanswerchoice",
    "pk": 42,
    "fields": {
      "question": 11,
      "order": 1,
      "text": "Любая информация, позволяющая прямо или косвенно идентифицировать человека, если это предусмотрено законом",
      "is_correct": true
    }
  },
  {
    "model": "app.knowledgetestanswerchoice",
    "pk": 43,
    "fields": {
      "question": 11,
      "order": 2,
      "text": "Только адрес проживания",
      "is_correct": false
    }
  },
  {
    "model": "app.knowledgetestanswerchoice",
    "pk": 44,
    "fields": {
      "question": 11,
      "order": 3,
      "text": "Только фотография без имени",
      "is_correct": false
    }
  },
  {
    "model": "app.knowledgetestanswerchoice",
    "pk": 45,
    "fields": {
      "question": 12,
      "order": 0,
      "text": "Чтобы усложнить работу отдела кадров",
      "is_correct": false
    }
  },
  {
    "model": "app.knowledgetestanswerchoice",
    "pk": 46,
    "fields": {
      "question": 12,
      "order": 1,
      "text": "Чтобы снизить риск утечек и обеспечить законность обработки",
      "is_correct": true
    }
  },
  {
    "model": "app.knowledgetestanswerchoice",
    "pk": 47,
    "fields": {
      "question": 12,
      "order": 2,
      "text": "Чтобы ПДн хранились только на бумаге",
      "is_correct": false
    }
  },
  {
    "model": "app.knowledgetestanswerchoice",
    "pk": 48,
    "fields": {
      "question": 12,
      "order": 3,
      "text": "Чтобы не вести журналы доступа",
      "is_correct": false
    }
  },
  {
    "model": "app.knowledgetestanswerchoice",
    "pk": 49,
    "fields": {
      "question": 13,
      "order": 0,
      "text": "В открытом виде в мессенджере без проверки контакта",
      "is_correct": false
    }
  },
  {
    "model": "app.knowledgetestanswerchoice",
    "pk": 50,
    "fields": {
      "question": 13,
      "order": 1,
      "text": "Через утверждённый зашифрованный канал или с разбиением доступа по регламенту",
      "is_correct": true
    }
  },
  {
    "model": "app.knowledgetestanswerchoice",
    "pk": 51,
    "fields": {
      "question": 13,
      "order": 2,
      "text": "На флешке через общий файлообменник без пароля",
      "is_correct": false
    }
  },
  {
    "model": "app.knowledgetestanswerchoice",
    "pk": 52,
    "fields": {
      "question": 13,
      "order": 3,
      "text": "По SMS в одном сообщении",
      "is_correct": false
    }
  },
  {
    "model": "app.knowledgetestanswerchoice",
    "pk": 53,
    "fields": {
      "question": 14,
      "order": 0,
      "text": "Удалить письмо у себя и не сообщать никому",
      "is_correct": false
    }
  },
  {
    "model": "app.knowledgetestanswerchoice",
    "pk": 54,
    "fields": {
      "question": 14,
      "order": 1,
      "text": "Сообщить ответственному лицу/ИБ по процедуре инцидента и зафиксировать факт",
      "is_correct": true
    }
  },
  {
    "model": "app.knowledgetestanswerchoice",
    "pk": 55,
    "fields": {
      "question": 14,
      "order": 2,
      "text": "Попросить получателя удалить письмо без уведомления компании",
      "is_correct": false
    }
  },
  {
    "model": "app.knowledgetestanswerchoice",
    "pk": 56,
    "fields": {
      "question": 14,
      "order": 3,
      "text": "Отправить тем же каналом исправление без регистрации",
      "is_correct": false
    }
  },
  {
    "model": "app.knowledgetestanswerchoice",
    "pk": 57,
    "fields": {
      "question": 15,
      "order": 0,
      "text": "Собирать все возможные поля «на будущее»",
      "is_correct": false
    }
  },
  {
    "model": "app.knowledgetestanswerchoice",
    "pk": 58,
    "fields": {
      "question": 15,
      "order": 1,
      "text": "Собирать и хранить только те данные, которые нужны для заявленной цели",
      "is_correct": true
    }
  },
  {
    "model": "app.knowledgetestanswerchoice",
    "pk": 59,
    "fields": {
      "question": 15,
      "order": 2,
      "text": "Хранить копии документов бессрочно без оснований",
      "is_correct": false
    }
  },
  {
    "model": "app.knowledgetestanswerchoice",
    "pk": 60,
    "fields": {
      "question": 15,
      "order": 3,
      "text": "Публиковать ПДн на внутреннем портале без ограничений",
      "is_correct": false
    }
  },
  {
    "model": "app.knowledgetestanswerchoice",
    "pk": 61,
    "fields": {
      "question": 16,
      "order": 0,
      "text": "Только чтобы ускорить интернет",
      "is_correct": false
    }
  },
  {
    "model": "app.knowledgetestanswerchoice",
    "pk": 62,
    "fields": {
      "question": 16,
      "order": 1,
      "text": "Чтобы шифровать трафик и подключать сотрудников к доверенному периметру",
      "is_correct": true
    }
  },
  {
    "model": "app.knowledgetestanswerchoice",
    "pk": 63,
    "fields": {
      "question": 16,
      "order": 2,
      "text": "Чтобы обойти блокировки сайтов",
      "is_correct": false
    }
  },
  {
    "model": "app.knowledgetestanswerchoice",
    "pk": 64,
    "fields": {
      "question": 16,
      "order": 3,
      "text": "Чтобы не использовать пароли",
      "is_correct": false
    }
  },
  {
    "model": "app.knowledgetestanswerchoice",
    "pk": 65,
    "fields": {
      "question": 17,
      "order": 0,
      "text": "Удаление старых логов",
      "is_correct": false
    }
  },
  {
    "model": "app.knowledgetestanswerchoice",
    "pk": 66,
    "fields": {
      "question": 17,
      "order": 1,
      "text": "Перехват или подмена трафика между двумя сторонами",
      "is_correct": true
    }
  },
  {
    "model": "app.knowledgetestanswerchoice",
    "pk": 67,
    "fields": {
      "question": 17,
      "order": 2,
      "text": "Шифрование всего диска",
      "is_correct": false
    }
  },
  {
    "model": "app.knowledgetestanswerchoice",
    "pk": 68,
    "fields": {
      "question": 17,
      "order": 3,
      "text": "Резервное копирование базы",
      "is_correct": false
    }
  },
  {
    "model": "app.knowledgetestanswerchoice",
    "pk": 69,
    "fields": {
      "question": 18,
      "order": 0,
      "text": "Они всегда совместимы с Mac",
      "is_correct": false
    }
  },
  {
    "model": "app.knowledgetestanswerchoice",
    "pk": 70,
    "fields": {
      "question": 18,
      "order": 1,
      "text": "Риск вредоносного ПО и обхода политик безопасности",
      "is_correct": true
    }
  },
  {
    "model": "app.knowledgetestanswerchoice",
    "pk": 71,
    "fields": {
      "question": 18,
      "order": 2,
      "text": "USB устарел",
      "is_correct": false
    }
  },
  {
    "model": "app.knowledgetestanswerchoice",
    "pk": 72,
    "fields": {
      "question": 18,
      "order": 3,
      "text": "Так требует только домашний интернет",
      "is_correct": false
    }
  },
  {
    "model": "app.knowledgetestanswerchoice",
    "pk": 73,
    "fields": {
      "question": 19,
      "order": 0,
      "text": "Объединить все сервисы в одной подсети без ограничений",
      "is_correct": false
    }
  },
  {
    "model": "app.knowledgetestanswerchoice",
    "pk": 74,
    "fields": {
      "question": 19,
      "order": 1,
      "text": "Ограничить распространение атаки между зонами с разным уровнем доверия",
      "is_correct": true
    }
  },
  {
    "model": "app.knowledgetestanswerchoice",
    "pk": 75,
    "fields": {
      "question": 19,
      "order": 2,
      "text": "Убрать необходимость в журналах",
      "is_correct": false
    }
  },
  {
    "model": "app.knowledgetestanswerchoice",
    "pk": 76,
    "fields": {
      "question": 19,
      "order": 3,
      "text": "Отключить межсетевые экраны",
      "is_correct": false
    }
  },
  {
    "model": "app.knowledgetestanswerchoice",
    "pk": 77,
    "fields": {
      "question": 20,
      "order": 0,
      "text": "Совпадение имени сети с известной кофейней, но без шифрования или с подозрительным порталом",
      "is_correct": true
    }
  },
  {
    "model": "app.knowledgetestanswerchoice",
    "pk": 78,
    "fields": {
      "question": 20,
      "order": 1,
      "text": "Наличие пароля WPA3 у провайдера",
      "is_correct": false
    }
  },
  {
    "model": "app.knowledgetestanswerchoice",
    "pk": 79,
    "fields": {
      "question": 20,
      "order": 2,
      "text": "Низкая скорость в час пик",
      "is_correct": false
    }
  },
  {
    "model": "app.knowledgetestanswerchoice",
    "pk": 80,
    "fields": {
      "question": 20,
      "order": 3,
      "text": "Список сохранённых сетей на устройстве",
      "is_correct": false
    }
  },
  {
    "model": "app.knowledgetestanswerchoice",
    "pk": 81,
    "fields": {
      "question": 21,
      "order": 0,
      "text": "Это ускоряет аудит",
      "is_correct": false
    }
  },
  {
    "model": "app.knowledgetestanswerchoice",
    "pk": 82,
    "fields": {
      "question": 21,
      "order": 1,
      "text": "Невозможно однозначно установить, кто выполнил действие, и нарушается подотчётность",
      "is_correct": true
    }
  },
  {
    "model": "app.knowledgetestanswerchoice",
    "pk": 83,
    "fields": {
      "question": 21,
      "order": 2,
      "text": "Так требует лицензия Windows",
      "is_correct": false
    }
  },
  {
    "model": "app.knowledgetestanswerchoice",
    "pk": 84,
    "fields": {
      "question": 21,
      "order": 3,
      "text": "Это снижает нагрузку на сервер",
      "is_correct": false
    }
  },
  {
    "model": "app.knowledgetestanswerchoice",
    "pk": 85,
    "fields": {
      "question": 22,
      "order": 0,
      "text": "Один человек выполняет все критичные операции без контроля",
      "is_correct": false
    }
  },
  {
    "model": "app.knowledgetestanswerchoice",
    "pk": 86,
    "fields": {
      "question": 22,
      "order": 1,
      "text": "Разные действия контролируются разными ролями, чтобы снизить злоупотребления и ошибки",
      "is_correct": true
    }
  },
  {
    "model": "app.knowledgetestanswerchoice",
    "pk": 87,
    "fields": {
      "question": 22,
      "order": 2,
      "text": "Все администраторы используют один пароль",
      "is_correct": false
    }
  },
  {
    "model": "app.knowledgetestanswerchoice",
    "pk": 88,
    "fields": {
      "question": 22,
      "order": 3,
      "text": "Запрет любых внешних подрядчиков",
      "is_correct": false
    }
  },
  {
    "model": "app.knowledgetestanswerchoice",
    "pk": 89,
    "fields": {
      "question": 23,
      "order": 0,
      "text": "Никогда, если он сложный",
      "is_correct": false
    }
  },
  {
    "model": "app.knowledgetestanswerchoice",
    "pk": 90,
    "fields": {
      "question": 23,
      "order": 1,
      "text": "Немедленно после инцидента или утечки",
      "is_correct": true
    }
  },
  {
    "model": "app.knowledgetestanswerchoice",
    "pk": 91,
    "fields": {
      "question": 23,
      "order": 2,
      "text": "Раз в пять лет",
      "is_correct": false
    }
  },
  {
    "model": "app.knowledgetestanswerchoice",
    "pk": 92,
    "fields": {
      "question": 23,
      "order": 3,
      "text": "Только по пятницам",
      "is_correct": false
    }
  },
  {
    "model": "app.knowledgetestanswerchoice",
    "pk": 93,
    "fields": {
      "question": 24,
      "order": 0,
      "text": "Чтобы сэкономить электричество монитора",
      "is_correct": false
    }
  },
  {
    "model": "app.knowledgetestanswerchoice",
    "pk": 94,
    "fields": {
      "question": 24,
      "order": 1,
      "text": "Чтобы посторонний не воспользовался открытой учётной записью",
      "is_correct": true
    }
  },
  {
    "model": "app.knowledgetestanswerchoice",
    "pk": 95,
    "fields": {
      "question": 24,
      "order": 2,
      "text": "Чтобы очистить буфер обмена от картинок",
      "is_correct": false
    }
  },
  {
    "model": "app.knowledgetestanswerchoice",
    "pk": 96,
    "fields": {
      "question": 24,
      "order": 3,
      "text": "Это требование только для Linux",
      "is_correct": false
    }
  },
  {
    "model": "app.knowledgetestanswerchoice",
    "pk": 97,
    "fields": {
      "question": 25,
      "order": 0,
      "text": "Запись пароля на стикере",
      "is_correct": false
    }
  },
  {
    "model": "app.knowledgetestanswerchoice",
    "pk": 98,
    "fields": {
      "question": 25,
      "order": 1,
      "text": "Многофакторная аутентификация и ограничение неудачных попыток входа",
      "is_correct": true
    }
  },
  {
    "model": "app.knowledgetestanswerchoice",
    "pk": 99,
    "fields": {
      "question": 25,
      "order": 2,
      "text": "Отключение журналов входа",
      "is_correct": false
    }
  },
  {
    "model": "app.knowledgetestanswerchoice",
    "pk": 100,
    "fields": {
      "question": 25,
      "order": 3,
      "text": "Использование только SMS без пароля",
      "is_correct": false
    }
  }
]